collocate,raw_frequency,MI
a,195,3.7125884611909994
yellow,4,5.518420231236096
electric,2,6.217314554051609
light,4,3.9151618311731124
from,22,3.5969196862736155
the,403,3.1977469317875324
sky,2,4.610762646506644
gilded,1,6.700663318976617
his,151,4.241993254373381
bald,347,12.116871459484802
head,69,6.300329582061753
figure,3,4.685137439491761
remained,3,4.923548462936759
in,105,3.6467558311836967
shade,1,4.836800555847218
deep,4,4.7414903760428935
and,262,3.5519985899966344
purple,1,5.2576000279554895
attitude,1,4.702725832592649
too,7,3.6548066582400573
was,106,3.8541201572438246
stooping,1,5.939770149884284
yet,4,3.28892973820322
dress,3,4.849929847289011
white,11,5.013918284766145
made,6,3.394039109440269
him,24,3.284879177636501
most,7,4.088769227249891
conspicuous,1,6.317246348090215
of,194,3.5628197707858207
p,3,6.771660868715946
harriet,2,5.578955315513858
irma,1,7.199104883542886
mrs,38,5.347776434758285
herriton,4,8.185075536055031
herself,2,2.8904764138238725
even,8,3.9524642470473434
theo,44,9.34953929737634
squired,1,11.373492153438523
by,24,3.6381680726430354
mr,29,4.440674271447909
kingcroft,2,9.581732684210468
had,58,3.620399779718041
braved,1,8.540278809382308
journey,2,4.9120239770848055
g,2,7.512762442397928
philip,2,4.491054682440676
who,29,4.242668561082197
choking,1,6.691360926314303
fog,1,5.300447619338119
old,47,5.300884477709343
begun,3,5.656464452032302
to,127,3.2047556365181236
cry,2,4.57276544721491
miss,3,3.0342301705149475
abbott,1,6.197342420864694
got,2,3.097733783308747
into,10,3.462058169847015
igh,1,9.764054241004423
spirits,1,4.396210811807776
begin,1,4.1480106806562285
so,15,3.128195178209035
long,8,3.906549749812517
said,23,3.3662988398537883
dabbing,2,9.764054241004423
her,41,3.0794525651238955
eyes,10,4.052965191165783
solemnly,2,6.139713308028058
moved,2,4.3147340009198585
h,11,7.489120679340887
think,5,3.1718868037277756
it,52,3.2425885419290683
simply,2,4.736889644956957
noble,1,4.201067576313678
you,38,3.011081164982262
have,21,3.1758812662478806
brought,3,3.9247700937784087
all,16,3.1706844173086166
way,6,3.523128834264858
here,7,3.6330159868159555
on,52,3.962234362979268
such,5,3.217039301350942
day,3,2.795705713246999
as,57,3.6518780427960413
this,19,3.4171329398156383
then,14,3.6787091069017106
rather,8,4.489133452262782
she,43,3.214532554836578
shook,1,3.8924999905689983
hands,6,4.259129291782276
left,6,4.011587427883953
take,4,3.4323744709963937
back,12,4.208707327143039
sawston,1,7.659920086734215
own,7,3.4898304329078766
home,3,3.500021259254708
within,1,3.231428870334377
e,10,7.307890060082077
out,16,3.6859759654029403
alas,2,5.804846977789139
look,7,3.9121802223923696
what,14,3.2717422585144926
appalling,1,6.8408926602852675
apparition,1,6.545178416136222
that,69,3.463054087767777
i,99,3.3683693148406633
did,4,2.678864326801726
l,3,5.885932787251958
years,9,4.789007744938564
since,2,3.3788598420066975
charles,1,4.370426694652061
fallen,1,4.217315515957908
love,3,3.1442477367026114
with,85,4.111635263656518
lilia,2,7.139385648841264
because,7,4.227732860235332
pretty,1,3.1042476322554666
during,2,4.247404880139398
time,10,3.697574990090995
herr,1,6.819615261837982
still,5,3.52689885987029
more,6,2.8388192921416406
difficult,1,4.301918789226991
but,40,3.616560519804579
fortunately,1,6.021634019962457
attempted,1,5.8560392569738156
interference,1,6.356212316623599
began,4,4.04850789942798
break,1,4.142205149110908
up,15,3.627508590043682
should,6,3.1884206759062406
go,4,2.9359375846825024
care,3,4.098781621110097
required,2,5.524167373491664
s,56,3.883653310046884
kindness,1,4.338223554157427
prevent,1,4.971574956711338
they,14,3.1676689138826704
were,16,3.362800614308222
expensive,1,6.169485466361728
actually,1,4.553475788764393
returning,1,4.8707021075229
read,3,4.129979178773042
me,15,2.9003901835352526
letter,4,4.270170090912411
my,25,3.273658529577525
ha,2,4.70335974703543
yorkshire,2,6.79878117493514
pray,1,4.075723870907144
am,7,3.530652427428132
hear,2,3.465288834575508
through,5,3.657298649561706
patronizing,1,8.077655287434194
insolent,1,6.214436854223994
like,16,3.8897395493718925
no,19,3.5181876042488374
d,12,5.231813235039089
italia,2,9.070907060444478
moderate,1,6.174995122172698
only,8,3.493302131964191
globo,1,10.680344972878578
dirty,1,5.2466229693243385
caffe,9,10.999725058857242
post,2,5.03489807523534
telegraph,1,6.7291012542971504
office,1,4.099705835593629
corso,1,8.975596880640152
vittorio,1,8.48312039554236
emmanuel,1,11.373492153438523
before,3,2.5735791814003197
went,4,3.1758157579940853
bed,2,3.8304836723153435
wrote,2,4.690757185783456
using,1,5.786243495038274
plain,2,4.692637474648308
language,2,5.230380056721401
about,12,3.6943817686402927
conduct,1,4.56224777483723
added,2,4.149831843060865
if,13,3.1315183491382776
an,26,4.028931523623641
afterthought,1,8.540278809382308
arrived,1,4.222006689533788
morning,4,3.9376117536123343
just,4,3.3791971670225456
met,1,3.357504342411286
at,64,4.064995532045099
hotel,3,5.277667591006298
mistake,1,4.750755829488684
also,3,3.9909530220376612
understand,1,3.1490605802173652
he,109,3.7269454236587616
is,36,3.6312732584249714
member,1,4.907347429200904
ita,1,10.680344972878578
ry,4,9.14886860191419
has,8,3.5292051087264555
produced,1,4.8707021075229
many,2,2.9708123488110467
famous,2,5.488777976277422
men,6,3.759180006986523
for,36,3.3279430471914817
example,1,4.995065969786936
dante,1,7.2791475912164225
latter,1,4.478822114005042
inferno,1,8.888585503650523
letters,2,4.4454441711886235
course,3,3.5710103204980714
sat,11,5.069542062688419
down,5,3.068650952258297
collegiate,2,9.581732684210468
church,2,4.069648928160818
quite,9,4.331860760110443
good,5,3.0152009112750306
f,7,8.451867852038253
ached,1,6.907584034783939
lodging,1,5.443903010048628
far,6,4.331351679757944
where,6,3.6080644450706427
spent,1,4.325105744716641
delightful,1,4.92618629089731
evening,5,4.565115318436665
occasionally,1,5.143010705860041
allowed,2,4.879738313586837
write,3,4.800277644227852
rapidly,2,5.663065136063653
subsiding,1,8.282449700080207
dotage,1,8.975596880640152
rs,2,11.373492153438523
adamson,1,10.680344972878578
there,12,3.0805948183991827
baby,5,5.902903565950034
must,5,3.138661872996467
be,26,3.297818093451815
told,7,4.280680964178472
doesn,1,4.125699571670677
t,30,4.05683324041578
count,2,4.837525456205166
breaking,1,4.976562498222377
issue,1,5.58047854505438
beside,1,3.789227335049464
point,2,3.999804019581132
will,8,3.0686262209026465
do,10,3.236213289286445
nothing,4,3.3264626040693868
concern,1,5.611440770658346
ours,1,5.240094110441874
wi,2,5.37331566572852
yes,4,3.5431659046250807
know,7,3.2503155693081425
steps,1,4.0602717663482215
may,4,3.248453056070778
decided,1,4.671531787435983
something,3,3.289135266926582
not,26,3.1172916826377177
heard,7,4.260699105180613
red,7,5.11966334186305
any,12,3.896418811233514
initiative,2,8.699343504011994
would,10,2.8948942707816707
naturally,1,4.418853288557536
come,4,2.802663412856376
does,3,3.949923709179356
theobald,2,8.282449700080207
always,5,3.8001988585231863
ally,1,6.991465518764642
asked,3,3.310429242111731
abbot,1,7.502291142530632
uneasy,1,5.11966334186305
decides,1,8.429053174272083
plan,1,4.734924364272003
seems,2,4.357779732951294
practicable,1,7.709930507308877
y,5,7.246357768393431
threatening,1,6.2435934385154495
us,5,3.317128799467037
can,3,2.451100556142666
put,6,4.017531612672063
off,5,3.7357757207737246
knows,1,3.5716917515295505
well,8,3.4673593715841218
we,8,2.8643555719458247
nonentity,1,9.176267576102305
sed,1,9.070907060444478
writes,1,5.979864607086162
didn,2,4.032332397658981
ass,1,6.0028541253108605
thought,6,3.4529245755916094
awfully,1,5.608301050653679
interchange,1,7.366158968206053
convinced,1,5.0653937119289925
each,2,3.436831998213097
other,11,3.9894636838499493
romance,2,5.955171994495791
ancestors,1,6.1531363283601985
new,3,3.613309336249184
friends,3,4.197747435350341
hoped,1,4.580026020858514
see,11,3.7587764466824116
tomorrow,1,5.828314708958961
promised,1,4.341750894675395
remembered,1,3.972871576067388
tha,2,6.129103128916042
hed,1,9.176267576102305
grandmother,2,5.886810915640569
troublesome,1,6.362856859342267
ave,1,6.628560025075274
another,4,3.6930855927838415
interview,2,5.310870412014213
afternoon,2,4.396210811807776
perfectly,2,4.623560959649954
reasonable,1,5.6663818886896475
pleasant,1,3.8424758213606074
pubblico,1,9.987197792318632
intellect,1,5.399682541569262
soul,2,3.9947961843893105
body,4,4.918293590098401
never,8,3.4800600150972234
lo,1,5.6899123860998415
rising,1,4.233039110337365
therefore,2,4.378183977448525
came,7,3.61387800274162
neither,1,3.486659154483466
them,11,3.3676703729031545
took,3,3.3561846457499422
very,13,3.5837297300890296
serious,1,4.1843244150182
n,5,5.692637183426027
saw,3,3.231428870334377
messenger,1,5.476338285801782
ghastly,2,6.431849730829219
creature,1,3.7641256154843115
trickling,1,7.847131628822362
grey,10,6.259698767239641
twitching,1,7.199104883542886
nose,4,5.794706168957007
ot,3,10.862666529672532
find,1,2.683354567040928
first,5,3.4880124363981384
remembering,1,5.529947736407164
hour,2,3.623738747164086
face,14,4.37883899597096
squire,1,3.729530204435994
disclosing,1,7.635822535155155
partially,2,7.295954709532804
though,5,3.587717856480814
whiskering,1,11.373492153438523
luxuriant,1,7.366158968206053
times,1,3.2616622571317513
regarded,2,5.460726520329669
riversley,1,6.376279879674408
place,1,2.2346725206409737
extreme,3,6.091868917239966
ness,1,7.887136963436061
greenland,12,10.210341343632843
untrodden,1,8.734434823823264
alfred,1,7.183837411412098
harold,1,4.991676136032425
handkerchief,1,4.989985518554517
sliding,1,6.748519340154252
over,1,1.618473322358805
showing,15,7.454752362266139
crown,1,5.200236493227272
daring,8,7.655642478618574
fear,1,3.2685433613212256
pipe,2,5.304828097558251
night,1,2.0925747109361357
dawn,5,6.615096390723799
sudden,1,3.72570610799759
fire,1,3.1389223361399927
janet,2,5.47857188064968
heart,1,2.2333180684047336
inhabiting,5,10.47407017506213
shaven,1,6.8517035763894825
case,1,3.2471226892707086
delude,3,9.241180278722258
yourself,1,3.2392556593549195
please,2,4.215572602301022
your,1,1.0005465750165614
lofty,6,7.4085509119297
assuredly,1,6.317246348090215
seen,1,2.4788476523092116
meanwhile,5,6.048226036888195
c,1,5.220140694695805
ed,4,9.49564766208097
names,3,5.71496065871391
witnesses,2,6.936633040139247
appended,1,8.600903431198741
related,1,5.7070654653260915
brief,1,4.742808767796151
english,1,3.3951811835708017
history,1,4.297683289460136
events,1,4.587904508430594
which,1,0.5276039021573933
killed,13,7.347191861818442
ter,3,8.37171756542857
o,1,2.7423481758878405
brien,10,9.915159059131062
young,1,1.82307824510467
man,6,3.0210992797871867
lay,35,6.316948601040673
across,3,4.383939064519644
knees,4,5.692797393042564
te,4,8.430250062505928
presumably,1,7.183837411412098
under,1,2.3227779293932174
management,9,8.059538805151934
tibby,1,6.468217375000093
schlegel,1,6.8517035763894825
helen,2,4.562281148775525
request,1,5.081923013880203
pleasure,1,3.546251251685712
r,1,5.402879875216856
sister,4,4.583251764248904
aren,1,5.14498114984734
going,1,2.281930539958942
are,3,2.1208147170584875
rang,12,7.4365301996631255
bell,2,4.879005074930641
ll,1,2.1674994004947234
give,4,3.72785536255627
some,4,2.7067573291104177
tea,15,6.313939719107653
evident,1,5.195548039387923
disgust,1,5.67246093476603
genteel,2,7.104769961941245
ladies,1,3.5347545938392413
wiped,1,6.008933171387243
wrinkled,2,7.017171902623259
forehead,1,4.59716485310232
ragged,17,8.857003931600223
blue,2,4.0836582625830715
cotton,1,6.147745479725322
almost,1,2.5869308436725
perfect,3,4.9745644955597035
symmetry,1,7.907756250638797
proportion,1,5.918171038080822
smooth,1,4.979901399487892
massive,1,6.050482174300115
marble,1,5.334565885478893
high,2,3.670936040169941
br,2,10.674302658422615
wrinkle,1,8.006196323452048
or,1,0.8819497901364102
line,19,6.794079900083816
anywhere,3,6.049881221624291
front,1,3.6515661232040366
greyness,3,9.324561887661309
hair,1,3.286328781809583
clock,15,6.337164172139024
those,1,2.110576581793838
street,4,4.704224823937039
sounds,1,4.958395194266927
fierce,1,4.919867154545832
ri,1,9.697245571332312
mirth,19,9.237656711243549
voice,1,2.472120636569661
dying,4,5.987163909567773
woman,1,2.0497711494526425
window,5,4.7302660260564435
instantly,1,4.714198233754886
recognized,1,5.439399946794474
tuft,2,7.703888192852914
belonging,1,5.824416068543304
george,1,3.2090146545838865
blair,3,8.240548398414353
th,1,4.548966979721183
son,5,4.596925731575612
soames,7,7.154634009831212
pale,1,3.603455722416163
shaved,2,7.85590440015154
dark,1,2.8647222170252777
haired,6,7.250079249527159
poked,3,8.332921718545366
chin,1,4.999448662615141
sideways,2,7.017171902623259
carrying,1,4.823841411204713
wit,1,5.024353162058725
tall,1,4.020895665112894
bull,6,6.803896809623206
pallid,1,6.748519340154252
strenuous,1,7.348140462703374
archi,1,11.448999705946669
nicholas,13,8.590122592996295
sweet,1,3.6220168354170665
tentative,1,8.282449700080207
months,1,3.9049788819421862
house,1,1.8929359042547151
undergone,1,6.8517035763894825
pie,5,8.180599470505278
decoration,1,7.246357768393431
people,13,4.7339984941899615
bestow,1,6.4608372677024715
houses,4,5.493263936685126
dog,1,3.926323793838483
balthasar,1,8.975596880640152
tail,1,5.288992740363352
curled,1,6.100492594874776
tightly,1,6.208706179515009
furry,1,8.665441952336312
walking,1,3.9979781874513005
farther,1,4.908903849748562
end,3,3.825585659760575
sniffing,1,7.348140462703374
halo,4,8.310951210212421
spiritual,1,5.3622249790343615
dreams,1,4.8484624955950615
than,1,1.3560981604501212
brazen,1,6.758371636597264
ric,10,13.62296742111862
material,1,5.495756371658884
prosperity,1,6.356212316623599
bitterly,1,5.2912732430620775
seasoned,1,7.684612699324587
comrade,1,5.778780773836684
twenty,1,3.6089259653857284
generals,1,7.199104883542886
slaving,2,9.863372442206286
gross,1,6.545178416136222
details,1,5.216513167852968
transport,1,6.758371636597264
commissariat,1,9.764054241004423
evenings,1,5.775070194440149
headed,1,5.473777464940109
housekeeper,1,5.091225406542517
whom,13,4.985464474362525
could,1,1.0098963608373308
astonish,4,8.647423446833635
uld,13,13.86823725222681
stand,1,3.566795780917344
side,1,2.4745752826596745
giorgio,1,6.8399156206374405
viola,5,8.408219087369242
idealist,6,10.650492009728897
humanitarian,5,10.879535283170295
revolutions,1,7.199104883542886
leonine,1,8.540278809382308
often,1,3.123917003438325
called,1,2.7701935508513396
mohammedans,1,10.680344972878578
after,6,3.403043496635806
their,1,1.2167149529357395
prophet,8,8.84703650073765
priest,11,7.078950336134051
religion,1,5.024353162058725
liberty,3,5.955803787127521
divinities,1,8.48312039554236
tolerated,2,8.397035373412859
superstition,1,6.4608372677024715
generally,1,4.450316980517231
believed,1,4.217315515957908
town,3,4.416311991128863
money,1,2.774534660219646
buried,3,6.062487929715855
clay,1,5.988997090649434
floor,2,4.5751054115117515
k,1,6.316667476872893
sort,1,2.996250922449731
degradation,4,7.8364932306173065
been,1,0.8225152680683907
one,1,0.7555852850669101
immortal,11,8.594553113797206
thousand,15,6.434745694980219
conquest,1,6.569471108705267
sicily,2,9.352546818440295
ng,1,11.373492153438523
glanced,1,4.473769046153651
coloured,1,4.777115691902959
lithograph,1,9.776249514098241
black,4,4.286855571991429
frame,3,6.079933566690693
wall,10,6.05638277110023
thread,1,5.888695219947868
dazzlingly,3,10.157471010596412
crude,1,7.096826034422468
colours,1,5.392077942184042
paled,1,7.566829663668203
sunshine,1,4.823841411204713
shing,1,10.680344972878578
maldonado,1,10.680344972878578
great,1,1.7493758495749185
sailor,1,5.778780773836684
sometimes,10,5.6480905205597445
again,1,1.6563590059811166
amongst,1,4.299375337241161
traitors,5,8.898533814303711
imprisoned,1,7.1108122763972075
hero,1,5.04445208245071
three,1,2.495690069247501
doors,4,5.7293363769730385
bi,3,11.766908923030513
snorting,2,8.96955456618419
kicking,1,6.748519340154252
squealing,1,8.48312039554236
compact,1,6.778372303303933
tossing,1,5.9753294519207705
mob,1,6.131745138378881
bay,1,5.793762327452301
brown,1,3.680424951666016
backs,1,5.8560392569738156
staring,3,5.886810915640569
navy,1,6.758371636597264
montevideo,2,11.373492153438523
command,1,4.496196081941095
afterwards,2,4.600682253301401
italian,1,4.761451118605431
legion,1,8.282449700080207
republic,1,6.7448422112852695
st,1,4.123273959824225
name,2,3.267943121207166
samuel,2,7.678570384868625
commanded,3,6.971118377433772
negro,1,6.561307798066106
company,1,3.6406474420754487
siege,1,7.168799534047557
died,2,4.574993860393335
edom,1,10.274879864770414
respected,2,6.370237565218446
nation,1,5.62728896289837
loved,1,3.4483346412138194
countesses,1,8.3289697157151
princesses,1,7.789973214982413
kissed,1,4.100399557439001
appearance,1,3.9813971065444402
listening,1,4.5329456241498365
deplorable,2,7.901713936182834
form,1,3.797394812815412
part,1,2.798428074779073
price,1,5.017384492742632
pay,4,5.204870879489565
being,1,2.0908378852332947
unmolested,1,8.041287643263319
obligation,4,7.5942735322422825
uttering,1,6.3496116325922465
personally,1,5.721002973169873
means,1,3.5116997091185835
included,1,6.431849730829219
drawing,2,4.3645349939474185
general,1,3.5185819262156026
montero,2,7.315664891179256
covered,3,5.423775955710927
now,1,1.0568483376203306
plumed,2,8.62660981505736
cocked,8,8.71090432641307
hat,1,3.6798171664717394
thanked,1,5.541609676155007
calm,6,6.00449982922055
dignity,1,4.574436291379727
grateful,1,4.855820880526248
bottom,1,4.544780081796839
fo,1,9.070907060444478
albergo,1,8.808542795976987
una,1,8.600903431198741
looking,1,2.396329598970372
away,1,1.8470510092191228
moment,1,2.33587590494767
memory,7,6.089998401496645
thos,3,11.36744983898256
glory,2,5.5991288431887885
overcoming,1,8.115395615417041
embustero,2,12.060597019542506
dyed,1,7.422248434857096
moustaches,1,7.441666520714198
pablo,1,8.975596880640152
offhand,1,9.42758200438321
curiosity,1,4.648458511271681
senor,1,6.1531363283601985
plenty,1,4.688880425770596
horses,1,4.182281905449247
murmured,1,4.253856515420887
smoothing,1,6.9667729061742705
absently,3,7.875088624919886
two,1,1.745350152813536
inquired,1,4.6084531766579815
gould,1,4.969396317548738
violas,8,11.465474543150174
mean,1,2.847095384567511
keeps,2,6.26150436508198
engineers,1,7.972294771776368
live,2,3.8958022152977407
ere,1,4.659321623529052
repelling,1,8.377759879884533
undeserved,1,8.115395615417041
aspersion,1,9.070907060444478
lived,1,3.662219927329576
calls,1,5.2271628957696255
italy,1,5.233241941846008
kept,2,3.8480286213083614
companion,1,4.065160464259602
highly,3,6.217832838135293
faithful,1,4.729702420290851
orders,3,5.76891632886577
appreciated,1,6.778372303303933
moral,1,4.89651979054884
influence,3,5.354269974109187
upon,1,1.480243200573754
countrymen,1,6.748519340154252
austere,1,6.663961952126189
world,9,4.422822524983712
believe,1,2.8262013229258525
special,1,4.659321623529052
fancy,3,4.969526701529746
remarkable,3,6.119696799862706
chap,1,5.389555872751333
enough,1,2.359907188715431
rugged,1,6.559289633909868
dreamy,1,6.147745479725322
char,2,10.674302658422615
gone,2,3.2693930972949414
considerable,1,5.050926913511239
distance,1,4.0038914329121145
suddenly,2,3.768348699639186
brother,1,3.151918717315244
much,1,1.5594576339956558
alike,2,6.102172326512724
both,3,3.710955006016773
bunches,5,9.245404758145822
crisp,1,7.035765777661221
above,2,3.960124817743283
ears,1,4.173067260493566
arguing,2,7.342098148247412
sight,2,4.009261845440477
vast,1,4.761451118605431
development,1,6.317246348090215
shiny,2,7.716791597688822
expanse,1,6.819615261837982
between,1,2.5017708056323307
crinkly,1,10.680344972878578
corpse,1,5.832228608280097
bird,2,5.2271628957696255
stretched,1,4.683892884259556
bare,1,4.666674272147082
neck,2,4.836379037320507
craned,1,9.294050611758687
loathsome,3,8.332921718545366
brilliance,3,9.127851593415254
varied,1,6.273625725614325
colouring,1,6.439018220307831
keep,1,2.8670952142023967
casa,1,6.9667729061742705
known,1,3.120785476870878
alone,3,3.9581163816393437
dead,1,3.04270156222995
wife,1,2.6315266772088246
ser,3,11.766908923030513
talk,2,3.486892544647415
betray,3,6.958797893045731
motionless,1,5.277667591006298
seemed,6,3.7928923855979257
drink,1,4.197219087629643
sound,1,3.3671245857882766
voracity,4,10.544543431719516
piece,2,4.629297344386603
lying,1,4.113289033962295
squatting,1,7.566829663668203
corner,2,4.4377503579173725
fill,3,6.298848781895382
ola,1,10.680344972878578
englishwoman,4,8.935105519285417
wounded,1,5.040212525298833
prison,1,5.112370650973543
greatest,1,4.687631206370164
ever,1,2.0716173157451263
spoke,2,3.6713878133874736
heroic,1,5.974041374677301
follower,6,9.73420127785474
eternal,2,6.217052602511146
stillness,3,6.466094676283889
silence,1,3.3008829702850324
lighthouse,1,6.637293705044027
keeper,1,6.050482174300115
isabel,2,7.743108906006196
clean,1,4.656897379917545
lamps,1,5.392077942184042
proposal,1,5.568357184522035
fell,1,3.165918496484907
humour,1,4.7587665532347625
linda,1,6.884855783706383
lovely,2,4.888172442417661
del,1,7.5233445517284645
beauty,1,3.505212374785024
however,1,2.940768118648736
violent,1,5.052723859187941
dislike,2,5.914267761873608
don,1,1.6329646258859505
talked,1,3.8474830559731825
railway,1,5.110093890846899
suppose,3,4.05984626766004
warned,2,6.4046052087226535
against,1,2.4339111867182135
ra,1,8.429053174272083
once,1,2.1035218788139485
himself,1,1.7006306216554095
subject,1,3.5950979637784366
aside,4,5.719536743984235
majestic,7,8.036660147731272
wave,2,6.225786282479901
daughters,2,5.653717033473192
stay,1,3.6323930634031574
late,1,3.442553709999452
talking,1,3.593019393086194
when,1,0.8121979378675578
project,2,6.834850345829304
mooted,2,10.114686870487192
faint,12,6.7428708350209074
reflection,1,5.175013436946215
dim,1,4.765491528142436
ghost,1,5.193475499785951
idiosyncrasies,1,8.377759879884533
played,1,4.4647373741233025
false,1,4.587904508430594
refused,1,4.648458511271681
entertain,1,6.021634019962457
idea,1,3.298714779873919
beating,1,5.154892033746794
fast,1,4.159723845319882
arrested,2,6.555265483610143
extended,1,5.669709678782322
arm,1,3.2322829408082816
knew,1,2.176255442475687
same,1,2.476904081647305
bench,2,6.010863564310548
bowing,2,6.551208682914528
hoary,1,7.441666520714198
ol,1,8.734434823823264
treasure,1,5.2553949553971755
incredible,1,6.115996781410741
accepted,1,4.692637474648308
nostromo,1,5.495756371658884
abrupt,1,6.016905878766511
departure,1,4.836800555847218
father,1,1.983986716302166
conversation,1,3.775329808219504
easy,1,3.8024399022289797
age,6,5.421280441211841
faculties,3,7.36018967576626
unimpaired,3,9.626842759534242
venerable,2,6.787597460978759
felt,1,2.323267184632781
words,1,2.5212233712526655
w,1,6.78051724054425
standing,3,4.575103157830645
quietly,3,5.169081325447476
moonlight,3,6.116175669464128
big,1,3.7345672508296417
erect,1,5.602051030308507
snow,1,4.4718159205327686
beard,3,6.253625058907655
washed,1,5.532850496065125
growing,2,5.150915885367154
slowly,4,4.847077158630111
cold,1,3.378886415000157
undecayed,2,10.961984730874397
oak,1,4.600411777782988
taken,2,3.5831019564288478
visored,1,10.680344972878578
headpiece,1,8.888585503650523
thin,3,5.41612771481241
visage,1,6.735180300373533
resting,1,5.187283529538029
hand,5,3.442117673706135
spare,2,5.4168072863948336
mark,1,4.243393643312945
villain,7,7.917708204869905
year,1,3.2755606245912423
mutton,1,6.0028541253108605
riding,1,4.888856917803271
hog,3,8.528230470866133
sol,1,7.403200239886401
dainty,1,6.055372159594307
peacock,1,7.461469148010377
arrows,1,6.561307798066106
belts,1,8.237997937509373
horn,1,5.828314708958961
rick,1,6.137050190608574
sword,1,4.453808303591113
dagger,1,6.619901962332158
sides,1,4.878409714147329
sacred,1,5.056327466691239
building,1,5.020862757118957
doffed,3,9.241180278722258
rosy,1,5.700168886267031
emotion,1,4.599268267080909
less,1,3.003407827060498
commonplace,1,5.876323928145322
original,1,5.3795307261319545
stark,1,6.719531803281
conning,1,8.734434823823264
british,1,4.996765205539896
u,1,7.461469148010377
clothe,1,7.684612699324587
best,1,2.72949011515859
instead,1,3.918505685160622
lately,1,4.846997293867733
affected,1,4.935439942814464
couldn,2,4.581862193974631
hulking,1,8.429053174272083
tom,2,4.466215776990689
wanted,1,3.1567490687012456
ask,1,2.933337097039162
harry,1,3.367221560187111
esmond,2,4.599531505188223
question,4,4.488540363473963
dick,2,4.409952468105609
seeing,1,3.641954916657001
child,1,2.604176240969395
mix,1,6.748519340154252
vulgar,2,5.909994251096227
convicts,2,8.764760153538177
whose,1,2.9315019857406313
choruses,1,8.48919944161874
loud,1,4.556756272843555
laughter,5,6.28155061460367
curses,2,7.594688900887922
envoys,1,9.764054241004423
prussia,2,9.116158040376066
denmark,1,9.070907060444478
webb,1,6.646104334726183
reach,1,4.443975382674873
room,1,1.9762980860987964
pushed,1,4.814306229479544
spectacles,1,5.630178213606652
malone,5,7.777193274558045
sir,2,2.556512714289878
realized,2,6.648950967687466
pink,1,5.150915885367154
fronting,6,9.42182659281259
porcupines,1,11.373492153438523
scaly,1,8.888585503650523
ant,1,7.847131628822362
eater,1,7.81814409194911
wild,1,3.7631345351256855
pig,1,5.948542135957121
color,1,5.926754781772213
curved,1,6.521461889518906
tusks,1,8.429053174272083
b,1,6.049507040141909
forty,1,4.772303208152782
somewhat,1,3.9013118900460078
fat,4,6.305617640686308
lost,3,4.356259390608666
hen,6,8.550431180846326
frank,1,4.036555239730906
houston,1,6.031157901473712
presentable,1,7.612292037744961
girl,1,2.5381838006087003
husband,1,3.0416651490024655
proprieties,1,7.847131628822362
marriages,3,7.672564360808413
call,1,2.996554905183622
least,1,2.9827833815182316
want,1,2.4972268934838318
poor,3,3.3411680929177185
traffick,3,6.996224298564848
re,1,2.83277776698094
conjuror,5,10.18638810261035
ayala,1,4.123566616720535
small,1,2.9489460244071273
dry,1,4.461744853186849
featured,1,7.246357768393431
occiput,6,12.442251478956951
grizzled,1,7.403200239886401
ralph,1,4.919666745137371
pomfret,1,7.735905993712137
certain,1,3.113516493670247
type,2,6.11256203036186
inevitable,1,5.797543050292207
middle,1,4.211010093062164
aged,1,5.2015385355948585
becoming,1,4.918293590098401
tired,4,5.4199182952673794
racketing,3,11.36144381492235
bearing,1,4.686383545572009
raised,1,4.036555239730906
showed,1,3.7725896938964407
extensive,1,7.214609070078851
surrounded,1,5.352468804088997
mere,1,3.853599282990619
fringe,1,6.5920794567328596
reddish,1,7.295954709532804
blonde,3,8.142567990054149
currents,2,8.189396008634615
law,1,3.7357757207737246
storms,1,6.907584034783939
mamma,1,4.3737821802614025
managed,1,4.986612834075879
ly,1,8.472403615145696
summing,2,8.841721194674305
ho,1,5.913906639294364
crossed,7,6.384969685561769
upturned,1,7.153984448262417
struck,1,3.6841210459088325
worthy,1,4.496196081941095
observation,1,5.323758698206565
pr,1,9.42758200438321
bust,1,6.8408926602852675
represented,1,5.481847941612752
ugly,1,4.913587699060988
ladyship,1,4.544780081796839
indefinitely,1,7.5233445517284645
sighed,1,4.802609191098939
ugh,1,7.473664421104195
sketch,1,5.866142453349923
how,1,1.4983339319807227
little,3,2.253084888114962
touch,2,4.619276629824888
leave,7,4.784475169869023
crudity,16,11.063337225134683
compared,1,5.3073840633347755
ys,3,11.073761742470568
figured,1,6.979042998766085
distinguished,1,5.076382833504588
slightly,1,4.7161893366744625
admiring,1,5.913906639294364
smallness,1,8.115395615417041
observed,4,5.572417992385136
distinction,1,5.633699241259289
es,1,7.6183710838213425
stooped,1,5.602051030308507
avowal,1,7.544850756949428
really,2,3.4930658091461235
business,2,3.7596734686298943
conditions,1,5.433320900718091
hated,2,5.550338679019356
seaside,2,8.053263834310036
lodgings,1,5.185228030355933
storehouses,1,10.274879864770414
marylebone,1,8.600903431198741
road,1,3.338861120515417
london,1,2.938487606936639
reduced,1,5.909660348412913
plainer,1,7.366158968206053
elements,3,7.234309429877257
terms,1,4.702725832592649
lonely,1,4.604998941789894
singleness,1,8.600903431198741
thrift,1,8.540278809382308
lean,1,5.468130305383953
approaching,1,5.2576000279554895
shrine,1,6.710053059326456
se,1,7.183837411412098
nurnberg,1,9.987197792318632
banners,1,7.083032712290132
streamers,1,8.975596880640152
quoth,1,5.640150876540778
officers,1,5.225023857520877
pressed,1,4.461744853186849
four,1,3.425198926983039
without,1,2.060466112747334
aught,1,5.728045255795285
reason,2,4.0248890226170095
king,2,4.239756139635162
james,1,4.105966725610351
service,3,5.090179979435658
needs,1,4.964963362379025
war,1,4.01593595252817
shall,2,2.556194369571948
last,1,1.9663088986039472
sitting,1,3.3981796179348356
wondering,6,6.5153254529865405
en,4,6.921738068661789
ruffians,2,8.322927401259138
gathered,1,4.499293657985229
round,2,3.009012291494282
jests,1,7.81814409194911
climbed,1,5.797543050292207
engaged,7,6.102092275279892
knocking,1,6.110801964533637
sawing,1,8.808542795976987
beams,1,6.529305066979932
mingled,1,5.484614195105642
shoutings,1,8.888585503650523
chief,1,4.378642167605452
justice,1,4.485939581773906
suite,1,6.410647523178616
carous,1,11.373492153438523
cause,1,3.8713056668355987
curious,1,4.251432271809381
mild,1,5.314949698529851
gentleman,1,2.914155373416555
dropped,1,4.041333049449316
vacant,3,7.0439557013860385
these,7,3.905123192498754
dulcet,2,9.421539689927247
tones,1,4.918293590098401
rarely,3,6.441462889094224
timid,1,5.653180376831112
shining,1,4.777960055824285
scrubby,1,8.429053174272083
clump,1,6.87976152918464
box,5,5.741533393153598
bespeaks,1,9.176267576102305
papers,2,5.154843743231042
patriarchs,1,9.581732684210468
ten,1,3.50787853519126
minutes,1,3.557527191329286
uncomfortably,1,7.295954709532804
drawn,2,4.928566299954121
sits,2,6.36015344615182
coughs,1,8.3289697157151
respectfully,2,7.126123086411814
behind,1,2.9206299895366326
lamp,1,4.641281446971317
puts,1,5.699398590497838
large,3,4.298142764692854
right,1,2.314719134287328
top,2,4.776627610590506
defend,4,7.165818905909419
shower,2,6.884855783706383
bath,6,7.082175186062289
looks,1,3.9469430810412187
ceiling,2,6.258478644165443
verbal,2,8.168776721431879
tion,1,7.544850756949428
clutching,1,7.016783326748931
why,1,2.0571616458749293
single,1,4.274290409885431
per,1,5.832228608280097
anning,4,11.643155720387625
bargain,1,5.6663818886896475
books,1,3.8231432300746526
peaceful,1,5.73158508250041
ight,1,11.373492153438523
addressed,2,5.24715242003161
entirely,1,4.309588191966455
cock,1,6.054303212405402
sparrow,1,7.5851788023364
bolder,1,7.403200239886401
rest,4,4.593511707734763
mar,4,8.698716741221185
innumerable,1,6.317246348090215
sparrows,3,8.405619117104251
enticing,1,8.48312039554236
sit,1,3.560304885917107
distinctly,2,6.139018599898691
looked,1,1.8994792821981914
firmly,1,5.193475499785951
clacton,1,7.557046030043247
note,1,3.890810325283872
annoyance,9,8.009941864012562
paper,1,3.7933027354939823
deny,3,6.2354976743150985
secretary,1,5.399682541569262
peyton,1,8.888585503650523
editor,1,6.602807528972859
fifty,1,4.4265161613031045
bowed,1,4.6436680829490475
repeatedly,1,6.919144857185016
apparent,1,5.62091951461289
understanding,1,5.001880306206667
empty,1,4.214200248640958
places,1,4.346177639398747
nodding,1,5.8560392569738156
advertizer,1,11.373492153438523
scanty,1,6.376279879674408
brushed,1,6.022984924842893
either,1,3.3581648444168044
ear,1,4.3027680461782465
thus,1,3.261564090127784
imparting,1,7.972294771776368
physiognomy,2,7.716791597688822
fain,1,5.515558998955064
short,1,3.3206227521368565
french,1,3.7280944540098897
built,1,4.933851380129327
frock,1,5.300447619338119
below,1,3.99012400644614
indicated,4,7.418758029917328
patch,1,6.0923826018078495
propping,2,9.22738367548629
himsel,1,9.070907060444478
ice,1,5.6462299226171595
thrice,1,6.237693716388262
yearly,3,8.365711541368357
c25,1,9.987197792318632
send,1,3.862514401424428
story,2,4.260744950452827
interesting,1,4.794240941428422
ch,1,8.540278809382308
tear,1,5.36713899383679
clothes,1,4.2362137161781375
laughed,3,4.550933920379047
worked,1,4.654478999053263
busily,1,6.907584034783939
twist,1,6.137050190608574
crowded,1,5.372077275477373
rooms,1,4.106664805917933
silver,1,3.9416002366307232
gentlemen,1,3.801937366912177
army,1,4.734924364272003
move,1,4.288427859485976
undignified,1,7.939504948953377
abuse,1,6.203008158400372
popular,2,6.074145014258068
assemblies,1,8.041287643263319
press,1,4.995065969786936
matter,1,2.944890429673132
elder,1,4.846997293867733
carr,1,6.94267535459521
vipont,1,6.031157901473712
clipped,1,7.183837411412098
parliamentary,2,7.004351214194197
whiskers,1,6.29208778845406
values,1,7.635822535155155
paid,1,4.0636106676137365
majesty,1,4.9120239770848055
compliment,1,5.602051030308507
giving,5,5.561241270357572
official,1,5.614380096730061
report,1,5.1588840550163315
admiralty,1,7.403200239886401
disengage,1,8.808542795976987
reply,2,4.703040818632153
imitating,2,8.253934529772186
style,1,4.958395194266927
lord,1,2.4597641153160916
stating,1,6.9667729061742705
unable,1,4.981575040045921
wales,1,6.158556395829538
carinthia,1,5.62091951461289
leaping,5,7.877572459865668
sympathy,1,4.422677384995939
decorated,1,6.8408926602852675
spied,1,6.896155338960317
features,1,4.641281446971317
ts,1,10.680344972878578
play,1,3.685633874005634
earl,1,4.347065344738888
unimpressive,1,10.680344972878578
faced,1,4.78854172464569
fuzzy,1,9.42758200438321
whis,2,11.36744983898256
isanusi,1,9.764054241004423
witch,1,5.293558958342933
doctress,3,11.36144381492235
turned,1,2.4511959396612744
vulture,1,8.115395615417041
towards,1,2.862317034347849
seek,1,4.686383545572009
ye,1,3.1315654979142846
says,2,3.4875907633070558
wagged,1,7.441666520714198
eyebrows,1,5.49267141430007
pleased,1,3.8790619384069576
make,2,2.6294357916217588
experiments,1,7.23035742704699
ting,1,9.42758200438321
legs,5,5.880685138272029
clearing,1,6.075174786890487
throat,1,4.7709042612491865
rolling,1,5.364678967995928
shooting,1,5.451913733794708
clad,2,5.842080904723109
cloth,1,5.098730132196584
except,1,3.4983728723982304
wisp,1,7.313049142892104
clung,1,5.481847941612752
id,2,9.770133287080805
rolled,1,4.89344759151187
unknown,1,4.7454507772589904
its,1,1.9321208718449108
ome,1,8.665441952336312
grassy,3,7.540075177762334
scalp,1,8.3289697157151
hill,1,4.025848869115274
few,5,4.26040433502163
spots,1,6.396758411017949
stood,1,2.4915043447601226
clear,1,3.3622636918263242
crashing,2,8.035245328807356
roaring,7,8.130392625393979
pin,1,6.2318285969358636
yonder,2,5.732660235813311
whole,2,3.5587205322381616
ogilvie,1,11.373492153438523
nearest,1,5.229306519312877
approach,1,5.166916226713596
bo,1,8.606982477275125
withers,1,8.734434823823264
none,1,3.404826452972288
deemed,1,5.098730132196584
save,1,3.5827961222637854
mire,2,7.6538777722782525
blunderbus,1,10.680344972878578
yards,1,4.947003695980833
wind,1,3.753277382864068
cue,1,7.659920086734215
horse,2,4.271404404996296
shuts,1,7.544850756949428
pair,1,4.397636522358517
nut,1,6.79878117493514
cracks,1,7.566829663668203
sheep,2,5.685572199714409
stealer,1,9.294050611758687
flagged,2,8.12877138681818
weary,1,4.430369730619095
half,1,2.3494623748030143
vicious,1,6.637293705044027
simpleton,1,7.330440885603973
excites,1,8.115395615417041
paltry,1,6.896155338960317
cannot,3,4.104587511233853
flatter,1,6.403678853862522
myself,1,2.4464346557028764
better,1,2.311281331796992
uncle,1,3.4500846762006163
craven,2,6.901403244941755
anything,1,2.601707484893737
snapped,2,7.036716498696229
england,3,4.634841913046378
days,2,3.4147404397299397
misselthwaite,10,10.073383064345958
manor,2,6.686741980458009
ther,1,8.677637225430132
glad,2,4.032467960110746
sent,2,4.088820896661878
meet,2,4.229376804938213
dared,2,5.528262727320157
q,3,8.452722918357988
sorry,1,3.815851531100539
medlock,1,6.475652353487612
answered,1,2.8359082723745517
denly,1,11.373492153438523
cease,1,5.738702550269274
key,3,5.733822701231712
liked,1,3.6813788138430565
robin,1,4.978230555323074
gardener,1,6.031157901473712
cap,1,4.760107935058963
stared,1,4.670266859256606
minute,1,3.946495850616325
art,1,3.7866886182759423
entered,1,3.5607387557115007
registers,1,9.176267576102305
gazing,2,5.63249174685791
running,2,4.840223182818557
water,1,3.021409482085886
gradually,2,5.597567562621836
mind,1,2.101868553045442
grow,1,4.633159070941531
strangest,1,6.819615261837982
thing,1,2.2994297997549684
poured,1,5.225023857520877
forth,1,3.6606011919483934
headlong,2,7.360116653750089
boy,1,2.6773933338852296
nt,1,9.764054241004423
advancing,1,5.7422803716171575
furtively,1,6.768321967450432
hedge,1,5.218634059422105
cramp,2,8.006196323452048
poll,1,7.153984448262417
work,1,2.648472114819969
shed,1,5.340405931639721
crept,1,5.16289207641387
ooever,2,10.674302658422615
eered,1,9.070907060444478
wiping,1,6.504373876313754
carpenter,1,6.809143961970687
apron,1,5.812810522422995
admonished,1,7.939504948953377
cr,1,10.274879864770414
judge,2,5.077304068023908
accusing,1,7.2791475912164225
quiet,1,3.4044803723320456
stockings,1,5.905432012303392
ceremony,1,5.441246965990513
devoured,2,7.594688900887922
inch,1,5.592748637646194
theatre,1,5.160886057687004
farriery,1,10.680344972878578
ransacked,1,8.006196323452048
ring,1,4.213422945842397
makes,1,3.9274906551144033
midst,1,4.766186981135346
runs,1,5.852031235576277
reality,1,5.229306519312877
children,1,3.1418273956239724
ornament,1,6.424732263060355
altogether,1,4.0602717663482215
captain,1,3.247861164961459
inclined,2,5.336764578721297
quantity,1,6.013595184493054
lank,1,7.81814409194911
iron,2,5.100620864461589
hire,1,6.758371636597264
afford,1,5.2466229693243385
decent,1,5.38453073654866
milliner,1,7.544850756949428
wicked,2,5.362328965427093
childish,1,5.392077942184042
chatteris,4,8.116795195771465
nice,1,4.096935750719813
rowdy,1,9.42758200438321
furniture,1,4.956759870926197
pictures,1,4.794240941428422
beak,1,6.991465518764642
feu,1,9.987197792318632
pendennis,1,4.509688761985569
bet,1,6.191708603146438
sticking,1,6.439018220307831
colchicum,1,8.237997937509373
stricken,1,5.905432012303392
enfeebled,1,8.540278809382308
person,1,3.2106907999464496
abilities,1,7.1249969113891645
hall,1,3.455498874591489
boosey,1,11.373492153438523
bencher,2,11.36744983898256
picture,1,4.051358076231805
aving,1,11.373492153438523
soup,1,6.186106347597768
wonder,1,3.5834781102852236
butler,1,5.714009937678902
waited,2,4.736766453340189
foker,1,5.3251318532455345
senior,1,6.329715192265368
pate,3,9.336610226177482
tongs,1,7.789973214982413
scarcely,1,3.8414040098968005
found,3,3.453179212161658
hundred,1,3.588602857783425
hai,1,7.939504948953377
every,3,3.355652594299537
congregation,2,6.9073054250447266
true,3,4.089508492515706
heads,1,4.397636522358517
bonnets,1,7.042758813152192
flowers,1,3.971040632620279
feathers,1,6.105633994375195
yawning,1,6.8408926602852675
portentously,2,9.575690369754506
om,1,9.987197792318632
steyne,1,7.566829663668203
garter,2,8.347024952838199
ribbon,1,5.836157886419986
collar,1,5.504195240304749
ro,1,10.680344972878578
growled,1,6.040773360173154
fancied,1,5.052723859187941
getting,1,3.7831452078359575
bragged,1,8.665441952336312
ev,1,9.176267576102305
ty,1,9.294050611758687
scorn,1,5.033132849710771
pity,1,4.017212276887775
jokes,1,6.137050190608574
reeled,1,7.330440885603973
along,1,3.195610376813292
sticks,1,6.060286174396736
hard,1,3.0562706425930224
till,1,2.578215536817057
perspiration,1,7.242552700140808
ran,1,3.5156245941067206
shandon,1,6.611318218640767
shambling,1,8.600903431198741
among,3,4.076247865564263
drinking,1,5.047342680283424
appeared,3,4.553508871222422
field,3,5.50351066043889
pony,3,6.562902235953718
seven,1,4.303618024979951
finally,1,4.986612834075879
cognisance,1,8.665441952336312
inflexible,2,8.210449417832447
lea,1,8.540278809382308
hout,1,9.176267576102305
reverence,1,5.553409223086161
youthful,1,5.80897174611583
folly,1,5.081923013880203
jeer,1,8.237997937509373
pates,1,9.070907060444478
past,1,3.28892973820322
sunshining,1,11.373492153438523
pen,1,3.566388863312543
homely,1,5.966320381978404
wrong,1,3.470449016303494
fellow,1,3.1551102093858874
thinking,1,3.2390245831609605
grumbling,1,6.979042998766085
m,1,2.41545267016135
reat,1,11.373492153438523
talker,1,7.441666520714198
picturesque,1,6.0028541253108605
bright,2,4.318610809566092
eye,3,4.412546592609036
broken,1,3.755440613853616
hurried,1,4.613077462355095
absolute,4,6.809522821607724
job,1,4.864723016466842
society,1,3.9089823188019954
different,1,3.6398085826626225
wolfe,2,7.162757219591595
car,1,5.059944107161428
valley,2,5.61012659739833
cliffs,1,6.203008158400372
near,1,3.055477438064501
feet,1,3.252903441698254
towers,2,6.09188945955714
huge,1,4.924602759291666
fortification,1,9.294050611758687
cracking,1,7.262618289265212
shivering,1,6.186106347597768
tree,1,3.925041817088118
tops,1,6.100492594874776
stern,2,5.657022821607691
abbess,1,8.377759879884533
cries,1,4.664187813180225
thy,1,3.580227801298985
lady,1,1.7534854100230017
warrior,1,6.016905878766511
passed,1,2.8956636855445628
turn,4,4.613182808681239
dogs,1,5.069043351016542
lockwood,1,7.461469148010377
bared,1,7.544850756949428
mistress,1,4.007047005110924
appealing,2,6.998001986515539
chaplain,2,6.211272239595647
de,1,3.8652533787598604
boys,1,4.248209061927812
um,1,7.069427060234354
bars,1,6.016905878766511
eat,1,4.268875076536078
em,1,3.884639197705064
bottles,1,5.909660348412913
shaped,1,5.682477713009501
pyramids,1,8.077655287434194
china,2,6.511520934647286
busts,1,8.115395615417041
full,1,2.825274920147166
green,1,3.5029327385394424
stuff,2,5.747048973265411
battered,1,6.637293705044027
chimney,1,5.536026782483545
pot,2,6.032318499311808
disclosed,1,6.619901962332158
curl,1,6.691360926314303
al,1,7.939504948953377
saying,2,4.039340839398508
adjusted,2,7.571960649810366
carefully,1,4.560047553927627
door,1,2.3164195178655578
peering,2,7.017171902623259
soot,1,7.502291142530632
blackened,1,6.862632646921673
bags,1,6.417665095837262
slow,1,4.396210811807776
distinct,1,5.5958398302158665
rap,1,7.348140462703374
given,1,3.144247736702611
bonaparte,1,5.700168886267031
started,1,4.089278317068309
reim,1,9.294050611758687
real,1,3.711024338238286
tant,1,6.012199987729098
sannie,1,6.110801964533637
proceeded,1,4.981575040045921
relate,1,6.768321967450432
aw,1,9.176267576102305
scorpion,1,8.377759879884533
profanity,2,9.863372442206286
tinker,1,6.4608372677024715
finger,1,4.511780812957793
mad,1,4.360274545799861
eddied,1,9.294050611758687
roots,1,6.0028541253108605
bulged,1,8.734434823823264
gnarled,1,7.589302519520262
bank,1,4.5191376511835015
delved,1,11.373492153438523
waves,1,5.302754425436033
cracked,1,6.369545847493064
talks,2,6.5818424005078136
gods,1,5.330859319756142
rubbish,1,6.362856859342267
listeners,1,7.246357768393431
roar,1,5.577434402673151
aloud,1,4.715481107567775
finer,1,6.031157901473712
unctuous,1,8.600903431198741
sobs,1,6.115996781410741
gleams,2,7.517302237272502
gorgeous,1,6.424732263060355
sentence,1,5.027855792609928
jeremy,1,6.468217375000093
tayl,1,11.373492153438523
portly,1,6.954651545641926
size,1,5.490169764950244
hardy,1,7.083032712290132
sunburned,1,8.808542795976987
cheeks,1,4.388775833320258
partial,1,6.758371636597264
unfurrowed,1,9.987197792318632
open,1,2.9617564520789466
ve,1,2.499542082046463
triflers,1,9.581732684210468
say,1,1.5545555361883538
wrongs,1,6.602807528972859
foe,1,5.880430710097975
triumph,1,4.907347429200904
ir,1,11.373492153438523
fine,1,3.2277439194273057
silken,2,7.465477169407916
harsh,2,6.26150436508198
gray,1,4.650446735525325
patches,3,7.546081201822545
plough,1,6.8517035763894825
burly,1,7.096826034422468
farmer,1,4.440069127707808
sprinkled,1,7.042758813152192
curls,3,6.756273628934257
hullo,1,6.719531803281
cyril,2,6.819615261837982
gave,5,4.284749540675568
watched,2,4.656317901505238
tennyson,1,8.115395615417041
spinning,1,6.738763165208887
painted,1,5.026102943782513
rim,1,6.979042998766085
five,1,3.347211051590405
nobody,1,3.8880005454077686
ad,2,7.612292037744961
pick,2,6.059182141581356
swain,1,7.939504948953377
thank,1,3.687789092203976
lead,1,4.396210811807776
idol,1,6.673011787646107
sand,1,5.27317320141846
blind,2,5.288992740363352
fanny,1,4.858779462565994
unfortunately,2,6.723058939841188
definitely,1,6.809143961970687
spot,1,4.312417709072631
sunburnt,1,7.762574240794299
dense,1,6.080187328714031
throwing,1,5.15127670081397
things,1,2.196672841270911
bum,2,10.451159107108406
orange,1,5.797543050292207
aimed,1,7.1249969113891645
owen,1,6.628560025075274
hitting,3,8.588855092682568
shoulder,1,3.982693631702847
glared,1,6.748519340154252
ath,3,11.36144381492235
american,3,6.044959144418863
summoned,1,5.636568011705423
eagle,1,6.537210246487045
north,1,4.3667969266014826
bristling,1,7.612292037744961
feather,1,6.126468081278037
fel,1,11.373492153438523
cried,1,2.742434705873239
dismay,1,5.984420423622022
flushed,1,4.983251486373173
sh,2,8.665441952336312
rain,1,4.378086812580488
coat,1,4.187347848916198
pouring,1,6.040773360173154
nearly,1,3.884080069929804
hysterics,1,7.168799534047557
kate,1,4.490029567025431
wa,1,9.294050611758687
wasn,2,5.032395587484501
horrible,2,5.436531791742612
oh,4,3.5958747338250325
streaming,1,6.362856859342267
crowd,1,4.491054682440676
oranges,1,7.384508106874248
heavy,1,3.619957048818002
might,1,1.6141969491084116
partner,1,5.5357617062725835
steady,1,4.894982511229954
stout,1,5.145160473796534
inexhaustible,2,8.210449417832447
capacity,1,5.852031235576277
stately,1,5.481847941612752
affection,1,4.401823548712733
fenton,2,6.432975905851869
medical,2,6.53913610168026
loss,1,4.5491184833954375
wholly,1,5.049133191057212
devoted,2,5.927198976545857
amply,1,7.069427060234354
rewarded,1,6.809143961970687
goodness,1,5.072706358775279
opinion,1,3.867449974920401
fiat,1,8.665441952336312
inscrutable,1,6.862632646921673
power,1,3.3453630940067636
pallinson,1,7.231319891028892
cherished,1,6.045615984648942
agreeable,1,4.833906197820854
wn,1,11.373492153438523
merits,1,6.085225122743988
life,2,2.5085571331428422
purpose,1,3.99386000082897
flourish,1,6.819615261837982
succeed,1,5.462695509397996
therein,11,7.807185078159391
entire,1,5.559361621613457
universe,1,5.801338121260759
emanation,1,9.176267576102305
brain,1,4.610762646506644
phenomenal,3,11.36144381492235
existing,1,6.907584034783939
saltram,1,5.507024096505226
enjoyed,1,5.015649886930424
advantages,1,5.8560392569738156
engage,1,6.396758411017949
cousin,1,3.5807304326219977
attention,1,4.023618448700186
im,1,6.6821442712093795
fixed,1,4.083881631987356
while,1,2.1881078833084118
accomplished,1,5.470858820037157
lively,1,5.193475499785951
account,1,3.849627828913317
concert,1,6.237693716388262
ey,1,10.680344972878578
perceive,1,5.345213633207825
reflected,1,5.001880306206667
misfortune,1,5.476338285801782
contriving,2,8.925102803613356
drag,1,5.884554427281837
praise,1,5.125449278930094
dilating,2,9.352546818440295
rapturously,1,8.237997937509373
paragon,1,7.972294771776368
perfection,1,5.56534966345808
views,1,5.146955484151057
happen,1,4.487982483403706
become,1,3.4889886648583692
hope,1,2.8967043766573246
ready,1,3.364129076808478
fascinations,1,7.972294771776368
accomplishments,1,6.505957702982941
elegant,1,5.614590379561243
thrown,1,4.414490853913499
unreceptive,1,11.373492153438523
soil,1,5.888695219947868
wer,2,9.75801192654846
conducted,1,6.0028541253108605
adela,1,6.784451349380316
branston,1,6.446238468281319
musical,1,5.884554427281837
disbelief,1,8.237997937509373
sad,2,4.787504423542984
accounts,1,5.676398666933118
informed,1,4.932545612805603
acquaintance,1,4.418853288557536
anxiety,1,4.637712139196196
bounds,2,7.27310527676046
maida,1,8.975596880640152
delay,1,5.199706049536586
bring,1,3.4695265194063576
visitation,1,7.847131628822362
spite,1,4.161935420124722
vivacious,1,7.313049142892104
berners,1,9.42758200438321
imitation,1,6.545178416136222
pretended,1,5.659759347929154
finished,1,4.320771104206201
fly,1,4.784565675905004
leaf,1,5.481847941612752
cavendish,1,8.041287643263319
square,1,4.248209061927812
parties,1,5.2271628957696255
comes,1,3.5680175281676663
shines,1,6.654993282143429
feeble,1,5.323758698206565
remain,1,4.538307567291222
posts,1,6.646104334726183
although,1,4.083881631987356
former,1,4.508644375467663
named,1,5.087494058929659
sleep,1,3.672291972581077
hi,1,7.285226637292805
older,1,4.820984266403933
expected,1,3.905934091018699
marked,1,4.773621654225686
wo,1,9.30012965783507
attraction,1,5.957391751234103
baldness,1,8.814621842053368
action,1,4.355986010497267
beads,1,6.748519340154252
broke,1,3.915305996098036
sixty,2,6.237551124059487
semi,1,6.267583411158362
tooth,2,7.594688900887922
centre,1,4.954702175609517
upper,2,5.591346702746733
jaw,1,6.521461889518906
women,2,3.5627905419264585
dear,1,2.159458609624723
ull,1,7.069427060234354
intimidating,1,9.070907060444478
brow,1,4.7161893366744625
softened,2,6.363503533037101
tendency,1,6.237693716388262
bristly,2,9.662701746744135
cut,1,3.7902353763442886
coming,1,2.949487394325636
crab,1,7.939504948953377
meadow,1,5.5958398302158665
hoss,1,9.07698610652086
hev,1,7.330440885603973
pint,3,7.608025839670841
ash,1,6.126468081278037
boots,1,4.8574784013447525
wish,1,2.899457016340089
stir,2,5.9078643248384015
wooden,3,6.366486333545323
doll,1,6.070187245379447
skirt,1,6.008933171387243
totty,2,7.455426833554415
seated,1,4.33292392166615
chair,1,3.2806818889850953
dinah,1,5.087494058929659
amusing,2,6.363503533037101
turning,2,4.330422224296284
dolly,1,5.235765099352289
exhibiting,1,7.502291142530632
truncated,1,9.987197792318632
exposed,2,6.601011505398347
sylvia,1,4.2401961985424546
whispers,2,7.118954596933202
specksioneer,3,8.417004835755908
cared,1,4.617723231454268
successor,1,6.8517035763894825
fickle,1,7.183837411412098
sailors,1,6.137050190608574
newcastle,1,7.81814409194911
public,1,3.8281024038266995
next,1,2.826546003872938
gold,1,3.8885618701488616
scarlet,1,5.3356212335163855
chariot,1,6.830197371168519
six,1,3.807698871010009
windings,1,8.237997937509373
team,1,7.635822535155155
tort,1,9.987197792318632
remote,1,5.574399498977997
parts,1,5.080072874592042
highlands,1,8.195438323090578
notes,1,5.043771247915827
clerk,1,5.015649886930424
translation,1,7.295954709532804
ossian,1,10.274879864770414
servant,1,4.026836990261985
removing,1,6.819615261837982
coffee,1,4.9277723340529445
cups,1,6.075174786890487
ish,1,9.987197792318632
greyish,1,8.3289697157151
close,1,3.2815883703887594
together,1,2.7976527665895525
ture,1,10.680344972878578
pattern,1,5.767690087142526
somewhere,1,4.656897379917545
delia,1,6.468217375000093
reading,1,4.044398417191932
newspapers,1,5.73158508250041
shirts,1,6.611318218640767
scrubbed,1,8.377759879884533
space,3,5.630877541503368
arch,1,5.653180376831112
speakers,1,7.529423597804847
congregated,1,8.540278809382308
hairless,1,9.294050611758687
morris,1,6.158556395829538
surely,1,3.898719971040653
prime,1,5.679760014635823
aid,1,5.024353162058725
haven,1,4.257098009345058
william,1,4.227507685724135
gleamed,2,6.8901130245043545
darkness,1,3.973482636275831
een,2,9.116158040376066
direction,1,4.309588191966455
rubbed,1,5.782505172927666
congregate,1,9.987197792318632
meetings,1,6.389885531730187
amusingly,1,9.764054241004423
repeated,1,3.9529132480277225
ht,1,11.373492153438523
atrophied,1,9.987197792318632
withered,1,6.012199987729098
steel,1,5.330859319756142
listen,1,4.155315315035116
irish,1,5.686516797098704
stump,1,7.11689132247359
teeth,1,4.598126062502132
erle,1,6.343054232046088
moneyed,1,8.808542795976987
sleek,1,6.884855783706383
prosperous,1,6.343054232046088
fresh,1,3.945158959247717
holloa,1,9.581732684210468
ct,3,11.36144381492235
poets,1,5.764020358253563
folks,1,4.9042418366427505
dare,2,4.74272082091601
humoured,1,6.389885531730187
laugh,1,3.783650641255866
rose,1,3.0150602544072274
ah,1,3.2132596610708353
mother,1,2.0613174755810726
wise,1,4.203372609988895
game,1,4.5044777027728164
euchre,1,10.274879864770414
safer,1,6.7291012542971504
poetizing,1,10.680344972878578
strongly,1,5.087494058929659
corpulent,1,8.600903431198741
keen,1,4.835352329670854
putting,1,4.173067260493566
lawyer,1,4.873705112782669
dismisses,1,9.176267576102305
florid,1,7.096826034422468
rhetoric,1,8.377759879884533
junior,1,6.436927536154173
counsel,1,5.345213633207825
daddy,1,6.1531363283601985
stakes,1,7.659920086734215
village,1,4.166539539680036
caper,1,8.814621842053368
er,1,5.332199020468628
equally,1,5.019122112641173
crop,1,6.654993282143429
sure,1,2.5984062183812573
mustard,1,8.006196323452048
clergyman,3,6.4463409475476565
wore,1,4.369518016715843
russet,1,7.789973214982413
indeed,1,2.567667340534917
flower,2,5.27317320141846
alps,2,8.12877138681818
traditional,2,8.276407385624244
reminded,1,5.148933724163164
leonardo,1,8.888585503650523
notice,1,4.204142136767923
gentlefolks,1,7.566829663668203
retreating,1,6.738763165208887
let,1,2.090180169006518
forget,1,3.9499237091793566
worn,1,4.5233659872930225
curtain,2,5.828149002991983
hung,1,4.050981719441129
retained,1,6.336539551024894
nuttwood,1,9.42758200438321
content,1,4.7232131048511015
carry,1,4.161935420124722
help,1,2.9105439768746817
kissing,1,5.521289673664048
afterward,1,5.9753294519207705
grocer,1,6.4608372677024715
lined,1,6.431849730829219
cranium,1,9.764054241004423
cropped,1,7.81814409194911
hairs,1,6.991465518764642
caesar,1,7.384508106874248
dealing,1,6.169485466361728
scarce,1,4.61655976419097
beginning,1,3.9716505746946935
todhunter,1,8.540278809382308
shone,1,4.781818421429865
egg,1,6.34913327812247
shell,1,5.939770149884284
ees,1,8.975596880640152
richard,1,3.7147925951702243
continued,1,3.5187229699393905
abstractedly,1,7.183837411412098
adrian,1,5.058134151916188
au,1,6.7885246747679515
gesture,1,5.050926913511239
word,1,2.5673676701700727
paralyses,1,10.274879864770414
shock,2,5.734447546387407
outrage,1,6.646104334726183
momentarily,1,7.056004039902213
drags,1,8.041287643263319
tow,1,7.384508106874248
mazzini,1,10.680344972878578
foscolo,1,8.006196323452048
leopardi,1,9.764054241004423
leonora,1,5.1128104199861735
stated,1,5.950225570560464
baldly,1,9.581732684210468
statements,1,7.183837411412098
happened,1,3.645957042963075
our,1,1.6561534725307367
helmet,1,7.789973214982413
healthy,1,5.724517915277317
prince,1,3.922250468450847
monsieur,1,5.1371225632348185
schontz,1,9.987197792318632
oiled,1,7.939504948953377
locks,3,7.089418075462795
proposition,1,6.085225122743988
edward,1,4.473769046153651
dresses,1,5.797543050292207
remember,1,3.1931712786648383
week,1,3.6891680857573683
loathed,1,6.954651545641926
morsel,1,6.376279879674408
untroubled,1,7.81814409194911
ill,1,3.4321965825319913
worship,1,5.262024813935845
dominion,1,7.330440885603973
prey,1,6.214436854223994
thereof,1,5.457290090831088
hath,1,4.222790695845997
faded,1,5.352468804088997
thou,1,2.8351247267908795
fair,1,3.411076473317459
favour,1,4.618888053950561
nor,1,2.786026909036954
hugh,1,5.080072874592042
ong,1,11.373492153438523
row,1,5.019122112641173
tunic,1,7.789973214982413
narrow,1,4.429404945208996
superintendence,1,7.876984591972043
cadaverous,1,8.540278809382308
somehow,1,4.285083374763128
reputation,1,5.203881420947067
provoke,1,7.083032712290132
rise,1,4.551294762818033
smite,1,7.2791475912164225
ruler,1,7.096826034422468
arrum,1,9.987197792318632
descends,1,8.429053174272083
tootle,1,7.23035742704699
gree,1,7.262618289265212
tableau,1,8.237997937509373
effective,1,6.505957702982941
wopsle,1,6.594368660326994
united,1,5.673048580047837
roman,1,5.468130305383953
uncommonly,1,6.29208778845406
pro,1,8.006196323452048
candle,1,4.712917003598838
prematurely,1,7.330440885603973
bushy,1,7.313049142892104
nd,1,11.373492153438523
furrowed,1,7.55092980302581
grew,1,3.8773948082625673
sid,1,11.373492153438523
hoarse,1,6.273625725614325
mustn,1,5.504195240304749
clenching,1,7.876984591972043
tattooed,1,8.429053174272083
wrinkles,1,6.907584034783939
falling,1,4.541538587872668
forward,1,3.585695275257352
able,1,3.594025185980198
dinner,1,3.3805476061204174
landlord,1,5.470858820037157
bringing,1,4.816713797280481
others,2,4.000372779101548
scientific,1,6.070187245379447
problem,1,6.035954073737205
sank,1,4.8572990773955596
low,1,3.2198546670532404
ook,1,10.680344972878578
hotter,1,7.544850756949428
mopped,1,8.888585503650523
breathed,1,5.345213633207825
fifteen,1,5.233607601212268
explained,1,4.629432967127176
fauntleroy,1,5.775070194440149
stopped,1,3.58320977273504
pavement,1,5.507024096505226
